{
  "c06_summary": {
    "mean_auroc": 0.8971983962581731,
    "mean_brier": 0.12247392928942265,
    "mean_infeasible_selection_rate": 0.06756410256410254,
    "mean_mae": 0.004007150054949517,
    "mean_mean_regret_m_s": 16.806576945019742,
    "mean_nrmse": 0.006832811015144496,
    "mean_recall": 0.3990033607602272,
    "model_id": "C06",
    "seed_count": 20,
    "std_auroc": 1.1390647892519134e-16,
    "std_brier": 0.0,
    "std_infeasible_selection_rate": 1.4238309865648918e-17,
    "std_mae": 0.0,
    "std_mean_regret_m_s": 0.0,
    "std_nrmse": 1.7797887332061147e-18,
    "std_recall": 5.695323946259567e-17
  },
  "calibration_rows_read": 0,
  "channel_audit_rows": 300,
  "claim_boundary": "development-only surrogate evidence; no NASA performance claim, mission claim, hardware claim, quantum advantage claim, calibration/final-test result, Gate 5 revision, or Gate 6 authorization",
  "classical_stack_summary": {
    "mean_auroc": 0.8971983962581731,
    "mean_brier": 0.12247392928942265,
    "mean_infeasible_selection_rate": 0.06756410256410254,
    "mean_mae": 0.005132621448764717,
    "mean_mean_regret_m_s": 16.806576945019742,
    "mean_nrmse": 0.006710553622380945,
    "mean_recall": 0.3990033607602272,
    "model_id": "TWO-RBF-08-CV",
    "seed_count": 20,
    "std_auroc": 1.1390647892519134e-16,
    "std_brier": 0.0,
    "std_infeasible_selection_rate": 1.4238309865648918e-17,
    "std_mae": 3.6754904149451612e-06,
    "std_mean_regret_m_s": 0.0,
    "std_nrmse": 2.6692060174572173e-06,
    "std_recall": 5.695323946259567e-17
  },
  "decision_checks": {
    "beats_classical_stack_by_five_percent": false,
    "five_percent_nrmse_improvement": true,
    "infeasible_selection_not_worse": true,
    "paired_upper_bound_below_zero": true,
    "regret_not_worse": true
  },
  "decision_id": "D043",
  "development_audit": {
    "candidates_per_decision_set": 5,
    "columns_in_model_contract": 39,
    "decision_sets": 7800,
    "feasible_rate": 0.22125641025641027,
    "feasible_rows": 8629,
    "rows": 39000,
    "rows_by_fidelity": {
      "F0": 6000,
      "F1": 30000,
      "F2": 3000
    },
    "rows_by_group": {
      "G01": 3250,
      "G02": 3250,
      "G03": 3250,
      "G04": 3250,
      "G05": 3250,
      "G06": 3250,
      "G07": 3250,
      "G08": 3250,
      "G09": 3250,
      "G10": 3250,
      "G11": 3250,
      "G12": 3250
    },
    "split": "development",
    "status": "pass",
    "unique_scenarios": 39000
  },
  "development_rows_read": 39000,
  "final_test_rows_read": 0,
  "gate6_runs": 0,
  "hardware_jobs_submitted": 0,
  "inner_audit_rows": 400,
  "paired_nrmse_interval": {
    "confidence_level": 0.95,
    "estimate": -0.00038743176459984566,
    "lower": -0.0003886505612933329,
    "upper": -0.0003860263719409213
  },
  "primary_model": "SFRK-08-CV",
  "primary_summary": {
    "mean_auroc": 0.8971983962581731,
    "mean_brier": 0.12247392928942265,
    "mean_infeasible_selection_rate": 0.06756410256410254,
    "mean_mae": 0.004977350999106429,
    "mean_mean_regret_m_s": 16.806576945019742,
    "mean_nrmse": 0.006445379250544653,
    "mean_recall": 0.3990033607602272,
    "model_id": "SFRK-08-CV",
    "seed_count": 20,
    "std_auroc": 1.1390647892519134e-16,
    "std_brier": 0.0,
    "std_infeasible_selection_rate": 1.4238309865648918e-17,
    "std_mae": 1.1146395590253736e-05,
    "std_mean_regret_m_s": 0.0,
    "std_nrmse": 3.0811648321099336e-06,
    "std_recall": 5.695323946259567e-17
  },
  "protocol_id": "P011",
  "q_values": [
    4,
    6,
    8
  ],
  "rbf_gamma_multipliers": [
    0.25,
    0.5
  ],
  "result_files": [
    "inner_fold_audit.csv",
    "stack_audit.csv",
    "channel_audit.csv",
    "fold_seed_metrics.csv",
    "per_seed_metrics.csv",
    "summary.csv",
    "paired_comparison.csv"
  ],
  "runtime": {
    "cpu_seconds": 8975.578125,
    "free_disk_gib": 33.81630325317383,
    "free_disk_preflight_gib": 34.34245681762695,
    "peak_working_set_gib": 0.6920356750488281,
    "wall_clock_seconds": 1881.6798082000023
  },
  "schema_version": "0.1.0",
  "source_commit": "926f61d2dffd32cbfb6e3e286d408b6c1287fe67",
  "stack_audit_rows": 1500,
  "status": "complete_valid_negative",
  "weight_rule": "bounded convex weight from inner grouped out-of-fold training predictions"
}
