comparison,seed_count,mean_difference,lower_95,upper_95
SFRK-08-CV_minus_C06_nrmse,20,-0.00038743176459984566,-0.0003886505612933329,-0.0003860263719409213
