window_id,phase,samples,position_rmse_km,position_endpoint_km,velocity_rmse_m_s,velocity_endpoint_m_s,baseline_position_rmse_km,baseline_velocity_rmse_m_s,position_improvement,velocity_improvement,position_pass,velocity_pass,improvement_pass
V01,outbound_mid,92,0.001952941411379373,0.004274446558946916,0.0002304881493104332,0.0003957025222010994,13.145719923,1.588962171,0.9998514389913357,0.999854944218612,True,True,True
V02,outbound_late,92,0.0019716689430859147,0.004373429216528178,0.00023590225369280528,0.0004170776416236839,348.966629498,47.040638338,0.9999943499785469,0.9999949851391897,True,True,True
V03,lunar_flyby,92,0.03301282282089697,0.08485456942703877,0.006199496893818584,0.011085969119820925,3268.162107673,453.666828559,0.9999898986581041,0.9999863346921054,True,True,True
V04,return_mid,92,0.0019603306581554357,0.004297014795027097,0.0002315143426849995,0.0003979317523812498,21.792321075,2.499904631,0.999910044889142,0.9999073907301045,True,True,True
V05,return_late,92,0.001963869242536288,0.004308745911324634,0.0002319176812943034,0.0003985667262241095,8.465546498,0.974071413,0.9997680162476221,0.9997619089543137,True,True,True
