window_id,nominal_pos_x,nominal_pos_y,nominal_pos_z,nominal_vel_x,nominal_vel_y,nominal_vel_z,tightened_pos_x,tightened_pos_y,tightened_pos_z,tightened_vel_x,tightened_vel_y,tightened_vel_z,position_diff_km,velocity_diff_m_s,rtol_nominal,atol_nominal,rtol_tightened,atol_tightened,max_step_nominal,max_step_tightened
V01,-109500.5888402706,-225740.61361146354,-123986.47528339013,-0.17231070443343183,-0.9171971818958856,-0.4984008017295859,-109500.58884027146,-225740.6136114641,-123986.47528339052,-0.17231070443344573,-0.9171971818959016,-0.49840080172959583,1.0942033956006321e-09,2.340275676575395e-11,1e-11,1e-13,9.999999999999999e-14,1e-15,300.0,150.0
V02,-125773.54378019553,-337528.54054187477,-184883.72973119697,-0.1527632269451305,-0.4088655868685868,-0.22993351139679286,-125773.54378016818,-337528.54054188554,-184883.72973120084,-0.1527632269306437,-0.4088655868728973,-0.22993351139760607,2.9640922544091176e-08,1.5136349750233006e-08,1e-11,1e-13,9.999999999999999e-14,1e-15,300.0,150.0
V03,-133745.01757718326,-341024.6400884346,-187984.29972435388,-0.11179474300905061,0.3906832016764248,0.12753642718799968,-133745.01758033535,-341024.6400982287,-187984.29972859475,-0.11179474349704405,0.3906832007712904,0.12753642678177246,1.1128548632510406e-05,1.1056339590894743e-06,1e-11,1e-13,9.999999999999999e-14,1e-15,300.0,150.0
V04,-83150.17835643727,-256552.61771292923,-151379.16975953718,0.44223087685294993,0.7178374350707907,0.34561169953387866,-83150.1783564387,-256552.6177129262,-151379.16975953602,0.4422308768529215,0.7178374350708352,0.34561169953389537,3.5426666763141814e-09,5.539859929178749e-11,1e-11,1e-13,9.999999999999999e-14,1e-15,300.0,150.0
V05,-47871.77477899383,-194456.9283616447,-120219.20151386439,0.5410745844032703,1.0381633434535174,0.5403281852533067,-47871.77477899418,-194456.92836164255,-120219.20151386345,0.5410745844032431,1.0381633434536965,0.5403281852533875,2.378025171041409e-09,1.9844766849874658e-10,1e-11,1e-13,9.999999999999999e-14,1e-15,300.0,150.0
