{
  "c06_summary": {
    "mean_auroc": 0.8971983962581731,
    "mean_brier": 0.12247392928942265,
    "mean_infeasible_selection_rate": 0.06756410256410254,
    "mean_mae": 0.004007150054949517,
    "mean_mean_regret_m_s": 16.806576945019742,
    "mean_nrmse": 0.006832811015144496,
    "mean_recall": 0.3990033607602272,
    "model_id": "C06",
    "seed_count": 20,
    "std_auroc": 1.1390647892519134e-16,
    "std_brier": 0.0,
    "std_infeasible_selection_rate": 1.4238309865648918e-17,
    "std_mae": 0.0,
    "std_mean_regret_m_s": 0.0,
    "std_nrmse": 1.7797887332061147e-18,
    "std_recall": 5.695323946259567e-17
  },
  "calibration_rows_read": 0,
  "centering_audit_rows": 300,
  "centering_source": "outer_training_rows_only",
  "claim_boundary": "development-only surrogate evidence; no NASA performance claim, mission claim, hardware claim, quantum advantage claim, calibration/final-test result, Gate 5 revision, or Gate 6 authorization",
  "classical_shrunk_rbf_summary": {
    "mean_auroc": 0.8971983962581731,
    "mean_brier": 0.12247392928942265,
    "mean_infeasible_selection_rate": 0.06756410256410254,
    "mean_mae": 0.0048967654407137285,
    "mean_mean_regret_m_s": 16.806576945019742,
    "mean_nrmse": 0.006771463997184456,
    "mean_recall": 0.3990033607602272,
    "model_id": "EC-TAP-RBF-C-SHR-q8-L010",
    "seed_count": 20,
    "std_auroc": 1.1390647892519134e-16,
    "std_brier": 0.0,
    "std_infeasible_selection_rate": 1.4238309865648918e-17,
    "std_mae": 3.4113846938936807e-06,
    "std_mean_regret_m_s": 0.0,
    "std_nrmse": 1.6904552206279476e-06,
    "std_recall": 5.695323946259567e-17
  },
  "conditioning_feature": "cross_fitted_c06_train_outer_c06_validation",
  "decision_checks": {
    "beats_classical_shrunk_rbf_by_five_percent": false,
    "five_percent_nrmse_improvement": false,
    "infeasible_selection_not_worse": true,
    "paired_upper_bound_below_zero": true,
    "regret_not_worse": true
  },
  "decision_id": "D040",
  "development_audit": {
    "candidates_per_decision_set": 5,
    "columns_in_model_contract": 39,
    "decision_sets": 7800,
    "feasible_rate": 0.22125641025641027,
    "feasible_rows": 8629,
    "rows": 39000,
    "rows_by_fidelity": {
      "F0": 6000,
      "F1": 30000,
      "F2": 3000
    },
    "rows_by_group": {
      "G01": 3250,
      "G02": 3250,
      "G03": 3250,
      "G04": 3250,
      "G05": 3250,
      "G06": 3250,
      "G07": 3250,
      "G08": 3250,
      "G09": 3250,
      "G10": 3250,
      "G11": 3250,
      "G12": 3250
    },
    "split": "development",
    "status": "pass",
    "unique_scenarios": 39000
  },
  "development_rows_read": 39000,
  "fidelity_audit_rows": 300,
  "final_test_rows_read": 0,
  "gate6_runs": 0,
  "hardware_jobs_submitted": 0,
  "inner_audit_rows": 400,
  "paired_nrmse_interval": {
    "confidence_level": 0.95,
    "estimate": -0.0003291449088279934,
    "lower": -0.00033033197634122646,
    "upper": -0.0003279319866062337
  },
  "primary_model": "CE-GFRK-08-L010",
  "primary_summary": {
    "mean_auroc": 0.8971983962581731,
    "mean_brier": 0.12247392928942265,
    "mean_infeasible_selection_rate": 0.06756410256410254,
    "mean_mae": 0.0052939562446976274,
    "mean_mean_regret_m_s": 16.806576945019742,
    "mean_nrmse": 0.006503666106316504,
    "mean_recall": 0.3990033607602272,
    "model_id": "CE-GFRK-08-L010",
    "seed_count": 20,
    "std_auroc": 1.1390647892519134e-16,
    "std_brier": 0.0,
    "std_infeasible_selection_rate": 1.4238309865648918e-17,
    "std_mae": 8.796358834633003e-06,
    "std_mean_regret_m_s": 0.0,
    "std_nrmse": 2.796200244082035e-06,
    "std_recall": 5.695323946259567e-17
  },
  "projection_audit_rows": 300,
  "protocol_id": "P008",
  "result_files": [
    "inner_fold_audit.csv",
    "projection_audit.csv",
    "fidelity_audit.csv",
    "centering_audit.csv",
    "fold_seed_metrics.csv",
    "per_seed_metrics.csv",
    "summary.csv",
    "paired_comparison.csv"
  ],
  "runtime": {
    "cpu_seconds": 2760.90625,
    "free_disk_gib": 18.813343048095703,
    "free_disk_preflight_gib": 19.274494171142578,
    "peak_working_set_gib": 0.6809196472167969,
    "wall_clock_seconds": 1984.8095713999937
  },
  "schema_version": "0.1.0",
  "source_commit": "ee05a3d21cf07092ba2b4f717c36868617a218fc",
  "status": "complete_valid_negative"
}
