comparison,seed_count,mean_difference,lower_95,upper_95
CE-GFRK-08-L010_minus_C06_nrmse,20,-0.0003291449088279934,-0.00033033197634122646,-0.0003279319866062337
