comparison,seed_count,mean_difference,lower_95,upper_95
EC-GFRK-08-L010_minus_C06_nrmse,20,-0.0003663722844403918,-0.00036783193869412124,-0.00036500428592444513
