{
  "c06_summary": {
    "mean_auroc": 0.8971983962581731,
    "mean_brier": 0.12247392928942265,
    "mean_infeasible_selection_rate": 0.06756410256410254,
    "mean_mae": 0.004007150054949517,
    "mean_mean_regret_m_s": 16.806576945019742,
    "mean_nrmse": 0.006832811015144496,
    "mean_recall": 0.3990033607602272,
    "model_id": "C06",
    "seed_count": 20,
    "std_auroc": 1.1390647892519134e-16,
    "std_brier": 0.0,
    "std_infeasible_selection_rate": 1.4238309865648918e-17,
    "std_mae": 0.0,
    "std_mean_regret_m_s": 0.0,
    "std_nrmse": 1.7797887332061147e-18,
    "std_recall": 5.695323946259567e-17
  },
  "calibration_rows_read": 0,
  "claim_boundary": "development-only surrogate evidence; no NASA performance claim, mission claim, hardware claim, quantum advantage claim, calibration/final-test result, Gate 5 revision, or Gate 6 authorization",
  "classical_shrunk_rbf_summary": {
    "mean_auroc": 0.8971983962581731,
    "mean_brier": 0.12247392928942265,
    "mean_infeasible_selection_rate": 0.06756410256410254,
    "mean_mae": 0.005127764956966475,
    "mean_mean_regret_m_s": 16.806576945019742,
    "mean_nrmse": 0.00675361294455344,
    "mean_recall": 0.3990033607602272,
    "model_id": "TAP-RBF-SHR-q8-L010",
    "seed_count": 20,
    "std_auroc": 1.1390647892519134e-16,
    "std_brier": 0.0,
    "std_infeasible_selection_rate": 1.4238309865648918e-17,
    "std_mae": 6.212165153462e-07,
    "std_mean_regret_m_s": 0.0,
    "std_nrmse": 1.9144290799516655e-07,
    "std_recall": 5.695323946259567e-17
  },
  "decision_checks": {
    "beats_classical_shrunk_rbf_by_five_percent": false,
    "five_percent_nrmse_improvement": false,
    "infeasible_selection_not_worse": true,
    "paired_upper_bound_below_zero": true,
    "regret_not_worse": true
  },
  "decision_id": "D038",
  "development_audit": {
    "candidates_per_decision_set": 5,
    "columns_in_model_contract": 39,
    "decision_sets": 7800,
    "feasible_rate": 0.22125641025641027,
    "feasible_rows": 8629,
    "rows": 39000,
    "rows_by_fidelity": {
      "F0": 6000,
      "F1": 30000,
      "F2": 3000
    },
    "rows_by_group": {
      "G01": 3250,
      "G02": 3250,
      "G03": 3250,
      "G04": 3250,
      "G05": 3250,
      "G06": 3250,
      "G07": 3250,
      "G08": 3250,
      "G09": 3250,
      "G10": 3250,
      "G11": 3250,
      "G12": 3250
    },
    "split": "development",
    "status": "pass",
    "unique_scenarios": 39000
  },
  "development_rows_read": 39000,
  "fidelity_audit_rows": 300,
  "final_test_rows_read": 0,
  "gate6_runs": 0,
  "hardware_jobs_submitted": 0,
  "inner_audit_rows": 400,
  "paired_nrmse_interval": {
    "confidence_level": 0.95,
    "estimate": -0.00018565243679750657,
    "lower": -0.00018711756670058123,
    "upper": -0.00018426567050470452
  },
  "primary_model": "GFRK-08-L010",
  "primary_summary": {
    "mean_auroc": 0.8971983962581731,
    "mean_brier": 0.12247392928942265,
    "mean_infeasible_selection_rate": 0.06756410256410254,
    "mean_mae": 0.00516640128154905,
    "mean_mean_regret_m_s": 16.806576945019742,
    "mean_nrmse": 0.006647158578346991,
    "mean_recall": 0.3990033607602272,
    "model_id": "GFRK-08-L010",
    "seed_count": 20,
    "std_auroc": 1.1390647892519134e-16,
    "std_brier": 0.0,
    "std_infeasible_selection_rate": 1.4238309865648918e-17,
    "std_mae": 1.137576615896698e-05,
    "std_mean_regret_m_s": 0.0,
    "std_nrmse": 3.3058074139343284e-06,
    "std_recall": 5.695323946259567e-17
  },
  "projection_audit_rows": 300,
  "protocol_id": "P006",
  "result_files": [
    "inner_fold_audit.csv",
    "projection_audit.csv",
    "fidelity_audit.csv",
    "fold_seed_metrics.csv",
    "per_seed_metrics.csv",
    "summary.csv",
    "paired_comparison.csv"
  ],
  "runtime": {
    "cpu_seconds": 2916.515625,
    "free_disk_gib": 23.48690414428711,
    "peak_working_set_gib": 0.6806716918945312,
    "wall_clock_seconds": 2151.291582099977
  },
  "schema_version": "0.1.0",
  "source_commit": "ec2be77703bf69a913f564994858c691607df192",
  "status": "complete_valid_negative"
}
