comparison,seed_count,mean_difference,lower_95,upper_95
GFRK-08-L010_minus_C06_nrmse,20,-0.00018565243679750657,-0.00018711756670058123,-0.00018426567050470452
