{
  "c02_summary": {
    "mean_auroc": 0.9140948989584169,
    "mean_brier": 0.10568525290559047,
    "mean_ece": 0.07287598083688626,
    "mean_precision": 0.7278541126049163,
    "mean_recall": 0.32500869162127705,
    "model_id": "C02",
    "seed_count": 20,
    "std_auroc": 0.0024777202566743806,
    "std_brier": 0.0020701166496765303,
    "std_ece": 0.005195325705770276,
    "std_precision": 0.005035876133475744,
    "std_recall": 0.0036991691493063975
  },
  "c06_summary": {
    "mean_auroc": 0.8971983962581731,
    "mean_brier": 0.12247392928942265,
    "mean_ece": 0.0976426283165192,
    "mean_infeasible_selection_rate": 0.06756410256410254,
    "mean_mae": 0.004007150054949517,
    "mean_mean_regret_m_s": 16.806576945019742,
    "mean_nrmse": 0.006832811015144496,
    "mean_precision": 0.7013648400896313,
    "mean_recall": 0.3990033607602272,
    "model_id": "C06",
    "seed_count": 20,
    "std_auroc": 1.1390647892519134e-16,
    "std_brier": 0.0,
    "std_ece": 1.4238309865648918e-17,
    "std_infeasible_selection_rate": 1.4238309865648918e-17,
    "std_mae": 0.0,
    "std_mean_regret_m_s": 0.0,
    "std_nrmse": 1.7797887332061147e-18,
    "std_precision": 0.0,
    "std_recall": 5.695323946259567e-17
  },
  "calibration_rows_read": 0,
  "claim_boundary": "development-only surrogate evidence; no NASA performance claim, mission claim, hardware claim, quantum advantage claim, calibration/final-test result, Gate 5 revision, or Gate 6 authorization",
  "config_sha256": "4a5560982855adab9faca7b9b30f532f88ca2171a2946a27de7cf49d52a97d8d",
  "decision_checks": {
    "five_percent_nrmse_improvement": false,
    "infeasible_selection_not_worse": false,
    "paired_upper_bound_below_zero": false,
    "regret_not_worse": false,
    "safety_comparator_rule": false
  },
  "decision_id": "D034",
  "development_audit": {
    "candidates_per_decision_set": 5,
    "columns_in_model_contract": 39,
    "decision_sets": 7800,
    "feasible_rate": 0.22125641025641027,
    "feasible_rows": 8629,
    "rows": 39000,
    "rows_by_fidelity": {
      "F0": 6000,
      "F1": 30000,
      "F2": 3000
    },
    "rows_by_group": {
      "G01": 3250,
      "G02": 3250,
      "G03": 3250,
      "G04": 3250,
      "G05": 3250,
      "G06": 3250,
      "G07": 3250,
      "G08": 3250,
      "G09": 3250,
      "G10": 3250,
      "G11": 3250,
      "G12": 3250
    },
    "split": "development",
    "status": "pass",
    "unique_scenarios": 39000
  },
  "development_rows_read": 39000,
  "final_test_rows_read": 0,
  "folds": [
    {
      "decision_sets": 1300,
      "fold_id": "CV01",
      "qubits": "4;6;8",
      "training_rows": 1024,
      "validation_rows": 6500
    },
    {
      "decision_sets": 1950,
      "fold_id": "CV02",
      "qubits": "4;6;8",
      "training_rows": 1024,
      "validation_rows": 9750
    },
    {
      "decision_sets": 1950,
      "fold_id": "CV03",
      "qubits": "4;6;8",
      "training_rows": 1024,
      "validation_rows": 9750
    },
    {
      "decision_sets": 1300,
      "fold_id": "CV04",
      "qubits": "4;6;8",
      "training_rows": 1024,
      "validation_rows": 6500
    },
    {
      "decision_sets": 1300,
      "fold_id": "CV05",
      "qubits": "4;6;8",
      "training_rows": 1024,
      "validation_rows": 6500
    }
  ],
  "gate6_runs": 0,
  "hardware_jobs_submitted": 0,
  "paired_nrmse_interval": {
    "confidence_level": 0.95,
    "estimate": 0.022493078102229745,
    "lower": 0.02248573639136908,
    "upper": 0.022500454386411385
  },
  "primary_model": "PRQK-08-N",
  "primary_summary": {
    "mean_auroc": 0.7435584567255211,
    "mean_brier": 0.15609361875756914,
    "mean_ece": 0.11317716011882559,
    "mean_infeasible_selection_rate": 0.12846794871794875,
    "mean_mae": 0.061009810917539056,
    "mean_mean_regret_m_s": 19.621574318490893,
    "mean_nrmse": 0.029325889117374243,
    "mean_precision": 0.26083838893946276,
    "mean_recall": 0.1088712481168154,
    "model_id": "PRQK-08-N",
    "seed_count": 20,
    "std_auroc": 0.0002493216628625015,
    "std_brier": 6.616639404346649e-05,
    "std_ece": 0.0001844453705838987,
    "std_infeasible_selection_rate": 2.866753817307537e-05,
    "std_mae": 3.428545012349187e-05,
    "std_mean_regret_m_s": 0.0012887812562830283,
    "std_nrmse": 1.6977526730514572e-05,
    "std_precision": 0.00048240363749173937,
    "std_recall": 0.000301907153702957
  },
  "protocol_id": "P002",
  "result_files": [
    "fold_seed_metrics.csv",
    "per_seed_metrics.csv",
    "summary.csv",
    "paired_comparison.csv"
  ],
  "runtime": {
    "cpu_seconds": 6117.34375,
    "free_disk_gib": 42.67300796508789,
    "memory_backend": "windows_psapi_typed",
    "peak_working_set_gib": 0.8750457763671875,
    "wall_clock_seconds": 2756.0942282000324
  },
  "schema_version": "0.1.0",
  "source_commit": "4313ad46adb4884fadc6d7c7d5a38ab183aaf1ab",
  "status": "complete_valid_negative"
}
