model_id,seed_count,mean_nrmse,std_nrmse,mean_mae,std_mae,mean_mean_regret_m_s,std_mean_regret_m_s,mean_infeasible_selection_rate,std_infeasible_selection_rate,mean_brier,std_brier,mean_auroc,std_auroc,mean_recall,std_recall
C06,20,0.006832811015144496,1.7797887332061147e-18,0.004007150054949517,0.0,16.806576945019742,0.0,0.06756410256410254,1.4238309865648918e-17,0.12247392928942265,0.0,0.8971983962581731,1.1390647892519134e-16,0.3990033607602272,5.695323946259567e-17
NSO-TWO-RBF-08,20,0.0067649686067118905,1.323774964114737e-06,0.004680426543609685,1.9377374346157342e-06,16.806576945019742,0.0,0.06756410256410254,1.4238309865648918e-17,0.12247392928942265,0.0,0.8971983962581731,1.1390647892519134e-16,0.3990033607602272,5.695323946259567e-17
NSORFRK-08,20,0.006590129761098464,2.719745612942251e-06,0.004769991648065087,5.184171558984242e-06,16.806576945019742,0.0,0.06756410256410254,1.4238309865648918e-17,0.12247392928942265,0.0,0.8971983962581731,1.1390647892519134e-16,0.3990033607602272,5.695323946259567e-17
