{
  "c06_summary": {
    "mean_auroc": 0.8971983962581731,
    "mean_brier": 0.12247392928942265,
    "mean_infeasible_selection_rate": 0.06756410256410254,
    "mean_mae": 0.004007150054949517,
    "mean_mean_regret_m_s": 16.806576945019742,
    "mean_nrmse": 0.006832811015144496,
    "mean_recall": 0.3990033607602272,
    "model_id": "C06",
    "seed_count": 20,
    "std_auroc": 1.1390647892519134e-16,
    "std_brier": 0.0,
    "std_infeasible_selection_rate": 1.4238309865648918e-17,
    "std_mae": 0.0,
    "std_mean_regret_m_s": 0.0,
    "std_nrmse": 1.7797887332061147e-18,
    "std_recall": 5.695323946259567e-17
  },
  "calibration_rows_read": 0,
  "channel_audit_rows": 300,
  "claim_boundary": "development-only surrogate evidence; no NASA performance claim, mission claim, hardware claim, quantum advantage claim, calibration/final-test result, Gate 5 revision, or Gate 6 authorization",
  "classical_orthogonalized_summary": {
    "mean_auroc": 0.8971983962581731,
    "mean_brier": 0.12247392928942265,
    "mean_infeasible_selection_rate": 0.06756410256410254,
    "mean_mae": 0.005704742114064401,
    "mean_mean_regret_m_s": 16.806576945019742,
    "mean_nrmse": 0.006804935018662904,
    "mean_recall": 0.3990033607602272,
    "model_id": "OM-TWO-RBF",
    "seed_count": 20,
    "std_auroc": 1.1390647892519134e-16,
    "std_brier": 0.0,
    "std_infeasible_selection_rate": 1.4238309865648918e-17,
    "std_mae": 6.320247692367972e-06,
    "std_mean_regret_m_s": 0.0,
    "std_nrmse": 3.159503520002355e-06,
    "std_recall": 5.695323946259567e-17
  },
  "decision_checks": {
    "beats_classical_orthogonalized_stack_by_five_percent": false,
    "five_percent_nrmse_improvement": false,
    "infeasible_selection_not_worse": true,
    "paired_upper_bound_below_zero": false,
    "regret_not_worse": true
  },
  "decision_id": "D047",
  "development_audit": {
    "candidates_per_decision_set": 5,
    "columns_in_model_contract": 39,
    "decision_sets": 7800,
    "feasible_rate": 0.22125641025641027,
    "feasible_rows": 8629,
    "rows": 39000,
    "rows_by_fidelity": {
      "F0": 6000,
      "F1": 30000,
      "F2": 3000
    },
    "rows_by_group": {
      "G01": 3250,
      "G02": 3250,
      "G03": 3250,
      "G04": 3250,
      "G05": 3250,
      "G06": 3250,
      "G07": 3250,
      "G08": 3250,
      "G09": 3250,
      "G10": 3250,
      "G11": 3250,
      "G12": 3250
    },
    "split": "development",
    "status": "pass",
    "unique_scenarios": 39000
  },
  "development_rows_read": 39000,
  "final_test_rows_read": 0,
  "gate6_runs": 0,
  "hardware_jobs_submitted": 0,
  "inner_audit_rows": 400,
  "orthogonal_audit_rows": 1200,
  "paired_nrmse_interval": {
    "confidence_level": 0.95,
    "estimate": 0.00011913262970658193,
    "lower": 0.00011337192459171472,
    "upper": 0.00012500884923932276
  },
  "primary_model": "OMFRK-ALL",
  "primary_summary": {
    "mean_auroc": 0.8971983962581731,
    "mean_brier": 0.12247392928942265,
    "mean_infeasible_selection_rate": 0.06756410256410254,
    "mean_mae": 0.005763723710401887,
    "mean_mean_regret_m_s": 16.806576945019742,
    "mean_nrmse": 0.006951943644851079,
    "mean_recall": 0.3990033607602272,
    "model_id": "OMFRK-ALL",
    "seed_count": 20,
    "std_auroc": 1.1390647892519134e-16,
    "std_brier": 0.0,
    "std_infeasible_selection_rate": 1.4238309865648918e-17,
    "std_mae": 1.6558862553684846e-05,
    "std_mean_regret_m_s": 0.0,
    "std_nrmse": 1.3515230838565446e-05,
    "std_recall": 5.695323946259567e-17
  },
  "protocol_id": "P015",
  "q_values": [
    4,
    6,
    8
  ],
  "result_files": [
    "inner_fold_audit.csv",
    "shared_stage_audit.csv",
    "orthogonal_audit.csv",
    "channel_audit.csv",
    "stack_audit.csv",
    "fold_seed_metrics.csv",
    "per_seed_metrics.csv",
    "summary.csv",
    "paired_comparison.csv"
  ],
  "runtime": {
    "cpu_seconds": 12114.0,
    "free_disk_gib": 33.782928466796875,
    "free_disk_preflight_gib": 33.77767562866211,
    "peak_working_set_gib": 0.6338844299316406,
    "wall_clock_seconds": 1798.3353002000003
  },
  "schema_version": "0.1.0",
  "shared_first_stage_q": 8,
  "shared_stage_audit_rows": 400,
  "source_commit": "eb99a8378b75507c291026bbdeacd37fe6897e72",
  "stack_audit_rows": 100,
  "stage_order": "shared q8 RBF-0.25 fitted to e; common e2=e-r25_q8_OOF; q4/q6/q8 second-stage stack",
  "status": "complete_valid_negative"
}
