{
  "c06_summary": {
    "mean_auroc": 0.8971983962581731,
    "mean_brier": 0.12247392928942265,
    "mean_infeasible_selection_rate": 0.06756410256410254,
    "mean_mae": 0.004007150054949517,
    "mean_mean_regret_m_s": 16.806576945019742,
    "mean_nrmse": 0.006832811015144496,
    "mean_recall": 0.3990033607602272,
    "model_id": "C06",
    "seed_count": 20,
    "std_auroc": 1.1390647892519134e-16,
    "std_brier": 0.0,
    "std_infeasible_selection_rate": 1.4238309865648918e-17,
    "std_mae": 0.0,
    "std_mean_regret_m_s": 0.0,
    "std_nrmse": 1.7797887332061147e-18,
    "std_recall": 5.695323946259567e-17
  },
  "calibration_rows_read": 0,
  "channel_audit_rows": 300,
  "claim_boundary": "development-only surrogate evidence; no NASA performance claim, mission claim, hardware claim, quantum advantage claim, calibration/final-test result, Gate 5 revision, or Gate 6 authorization",
  "classical_orthogonalized_summary": {
    "mean_auroc": 0.8971983962581731,
    "mean_brier": 0.12247392928942265,
    "mean_infeasible_selection_rate": 0.06756410256410254,
    "mean_mae": 0.005525134487860545,
    "mean_mean_regret_m_s": 16.806576945019742,
    "mean_nrmse": 0.0067500811810225795,
    "mean_recall": 0.3990033607602272,
    "model_id": "TWO-RBF-08-R2",
    "seed_count": 20,
    "std_auroc": 1.1390647892519134e-16,
    "std_brier": 0.0,
    "std_infeasible_selection_rate": 1.4238309865648918e-17,
    "std_mae": 6.518649722488017e-06,
    "std_mean_regret_m_s": 0.0,
    "std_nrmse": 4.76984539242088e-06,
    "std_recall": 5.695323946259567e-17
  },
  "decision_checks": {
    "beats_classical_orthogonalized_control_by_five_percent": false,
    "five_percent_nrmse_improvement": true,
    "infeasible_selection_not_worse": true,
    "paired_upper_bound_below_zero": true,
    "regret_not_worse": true
  },
  "decision_id": "D046",
  "development_audit": {
    "candidates_per_decision_set": 5,
    "columns_in_model_contract": 39,
    "decision_sets": 7800,
    "feasible_rate": 0.22125641025641027,
    "feasible_rows": 8629,
    "rows": 39000,
    "rows_by_fidelity": {
      "F0": 6000,
      "F1": 30000,
      "F2": 3000
    },
    "rows_by_group": {
      "G01": 3250,
      "G02": 3250,
      "G03": 3250,
      "G04": 3250,
      "G05": 3250,
      "G06": 3250,
      "G07": 3250,
      "G08": 3250,
      "G09": 3250,
      "G10": 3250,
      "G11": 3250,
      "G12": 3250
    },
    "split": "development",
    "status": "pass",
    "unique_scenarios": 39000
  },
  "development_rows_read": 39000,
  "final_test_rows_read": 0,
  "gate6_runs": 0,
  "hardware_jobs_submitted": 0,
  "inner_audit_rows": 400,
  "orthogonal_audit_rows": 1200,
  "paired_nrmse_interval": {
    "confidence_level": 0.95,
    "estimate": -0.0003965561167540863,
    "lower": -0.00039872156677033004,
    "upper": -0.0003942871906295889
  },
  "primary_model": "ORFRK-08-R2",
  "primary_summary": {
    "mean_auroc": 0.8971983962581731,
    "mean_brier": 0.12247392928942265,
    "mean_infeasible_selection_rate": 0.06756410256410254,
    "mean_mae": 0.005709583450312025,
    "mean_mean_regret_m_s": 16.806576945019742,
    "mean_nrmse": 0.006436254898390411,
    "mean_recall": 0.3990033607602272,
    "model_id": "ORFRK-08-R2",
    "seed_count": 20,
    "std_auroc": 1.1390647892519134e-16,
    "std_brier": 0.0,
    "std_infeasible_selection_rate": 1.4238309865648918e-17,
    "std_mae": 1.2167518236953556e-05,
    "std_mean_regret_m_s": 0.0,
    "std_nrmse": 5.299882565869149e-06,
    "std_recall": 5.695323946259567e-17
  },
  "protocol_id": "P014",
  "q_values": [
    4,
    6,
    8
  ],
  "result_files": [
    "inner_fold_audit.csv",
    "orthogonal_audit.csv",
    "channel_audit.csv",
    "fold_seed_metrics.csv",
    "per_seed_metrics.csv",
    "summary.csv",
    "paired_comparison.csv"
  ],
  "runtime": {
    "cpu_seconds": 10991.0625,
    "free_disk_gib": 33.782623291015625,
    "free_disk_preflight_gib": 33.7920036315918,
    "peak_working_set_gib": 0.6856193542480469,
    "wall_clock_seconds": 2007.2595452000023
  },
  "schema_version": "0.1.0",
  "source_commit": "beefd72d83386f4b2d7232516a16186ac000ea46",
  "stage_order": "shared RBF-0.25 fitted to e; inner OOF RBF-0.25 defines e2=e-r25_OOF; second-stage fidelity versus RBF-0.50",
  "status": "complete_valid_negative"
}
