model_id,seed_count,mean_nrmse,std_nrmse,mean_mae,std_mae,mean_mean_regret_m_s,std_mean_regret_m_s,mean_infeasible_selection_rate,std_infeasible_selection_rate,mean_brier,std_brier,mean_auroc,std_auroc,mean_recall,std_recall
C06,20,0.006832811015144496,1.7797887332061147e-18,0.004007150054949517,0.0,16.806576945019742,0.0,0.06756410256410254,1.4238309865648918e-17,0.12247392928942265,0.0,0.8971983962581731,1.1390647892519134e-16,0.3990033607602272,5.695323946259567e-17
ORFRK-04-R2,20,0.006917763919788694,1.971001860693668e-06,0.00663319840319197,4.031836023319575e-06,16.806576945019742,0.0,0.06756410256410254,1.4238309865648918e-17,0.12247392928942265,0.0,0.8971983962581731,1.1390647892519134e-16,0.3990033607602272,5.695323946259567e-17
ORFRK-06-R2,20,0.006775662855989374,2.7851215355042846e-06,0.006442121707791846,1.2445433587679448e-05,16.806576945019742,0.0,0.06756410256410254,1.4238309865648918e-17,0.12247392928942265,0.0,0.8971983962581731,1.1390647892519134e-16,0.3990033607602272,5.695323946259567e-17
ORFRK-08-R2,20,0.006436254898390411,5.299882565869149e-06,0.005709583450312025,1.2167518236953556e-05,16.806576945019742,0.0,0.06756410256410254,1.4238309865648918e-17,0.12247392928942265,0.0,0.8971983962581731,1.1390647892519134e-16,0.3990033607602272,5.695323946259567e-17
TWO-RBF-04-R2,20,0.007113959048224634,3.6657914238888247e-06,0.006999210277591726,7.692767549433305e-06,16.806576945019742,0.0,0.06756410256410254,1.4238309865648918e-17,0.12247392928942265,0.0,0.8971983962581731,1.1390647892519134e-16,0.3990033607602272,5.695323946259567e-17
TWO-RBF-06-R2,20,0.00677314162213182,4.5289996105096125e-06,0.005835300403216017,5.288221269001027e-06,16.806576945019742,0.0,0.06756410256410254,1.4238309865648918e-17,0.12247392928942265,0.0,0.8971983962581731,1.1390647892519134e-16,0.3990033607602272,5.695323946259567e-17
TWO-RBF-08-R2,20,0.0067500811810225795,4.76984539242088e-06,0.005525134487860545,6.518649722488017e-06,16.806576945019742,0.0,0.06756410256410254,1.4238309865648918e-17,0.12247392928942265,0.0,0.8971983962581731,1.1390647892519134e-16,0.3990033607602272,5.695323946259567e-17
