{
  "c06_summary": {
    "mean_auroc": 0.8971983962581731,
    "mean_brier": 0.12247392928942265,
    "mean_infeasible_selection_rate": 0.06756410256410254,
    "mean_mae": 0.004007150054949517,
    "mean_mean_regret_m_s": 16.806576945019742,
    "mean_nrmse": 0.006832811015144496,
    "mean_recall": 0.3990033607602272,
    "model_id": "C06",
    "seed_count": 20,
    "std_auroc": 1.1390647892519134e-16,
    "std_brier": 0.0,
    "std_infeasible_selection_rate": 1.4238309865648918e-17,
    "std_mae": 0.0,
    "std_mean_regret_m_s": 0.0,
    "std_nrmse": 1.7797887332061147e-18,
    "std_recall": 5.695323946259567e-17
  },
  "calibration_rows_read": 0,
  "channel_audit_rows": 100,
  "claim_boundary": "development-only surrogate evidence; no NASA performance claim, mission claim, hardware claim, quantum advantage claim, calibration/final-test result, Gate 5 revision, or Gate 6 authorization",
  "classical_orthogonalized_summary": {
    "mean_auroc": 0.8971983962581731,
    "mean_brier": 0.12247392928942265,
    "mean_infeasible_selection_rate": 0.06756410256410254,
    "mean_mae": 0.0052696038325119165,
    "mean_mean_regret_m_s": 16.806576945019742,
    "mean_nrmse": 0.006746645296293936,
    "mean_recall": 0.3990033607602272,
    "model_id": "SSO-TWO-RBF-08",
    "seed_count": 20,
    "std_auroc": 1.1390647892519134e-16,
    "std_brier": 0.0,
    "std_infeasible_selection_rate": 1.4238309865648918e-17,
    "std_mae": 2.7018330990918857e-06,
    "std_mean_regret_m_s": 0.0,
    "std_nrmse": 1.7044713230230937e-06,
    "std_recall": 5.695323946259567e-17
  },
  "decision_checks": {
    "beats_classical_stage_separated_control_by_five_percent": false,
    "five_percent_nrmse_improvement": false,
    "infeasible_selection_not_worse": true,
    "paired_upper_bound_below_zero": true,
    "regret_not_worse": true
  },
  "decision_id": "D049",
  "development_audit": {
    "candidates_per_decision_set": 5,
    "columns_in_model_contract": 39,
    "decision_sets": 7800,
    "feasible_rate": 0.22125641025641027,
    "feasible_rows": 8629,
    "rows": 39000,
    "rows_by_fidelity": {
      "F0": 6000,
      "F1": 30000,
      "F2": 3000
    },
    "rows_by_group": {
      "G01": 3250,
      "G02": 3250,
      "G03": 3250,
      "G04": 3250,
      "G05": 3250,
      "G06": 3250,
      "G07": 3250,
      "G08": 3250,
      "G09": 3250,
      "G10": 3250,
      "G11": 3250,
      "G12": 3250
    },
    "split": "development",
    "status": "pass",
    "unique_scenarios": 39000
  },
  "development_rows_read": 39000,
  "final_test_rows_read": 0,
  "gate6_runs": 0,
  "hardware_jobs_submitted": 0,
  "inner_audit_rows": 400,
  "orthogonal_audit_rows": 400,
  "paired_nrmse_interval": {
    "confidence_level": 0.95,
    "estimate": -0.00026637720616832995,
    "lower": -0.0002676660283235568,
    "upper": -0.0002650532380462052
  },
  "primary_model": "SSORFRK-08",
  "primary_summary": {
    "mean_auroc": 0.8971983962581731,
    "mean_brier": 0.12247392928942265,
    "mean_infeasible_selection_rate": 0.06756410256410254,
    "mean_mae": 0.005204880643426493,
    "mean_mean_regret_m_s": 16.806576945019742,
    "mean_nrmse": 0.006566433808976169,
    "mean_recall": 0.3990033607602272,
    "model_id": "SSORFRK-08",
    "seed_count": 20,
    "std_auroc": 1.1390647892519134e-16,
    "std_brier": 0.0,
    "std_infeasible_selection_rate": 1.4238309865648918e-17,
    "std_mae": 6.8546438731963784e-06,
    "std_mean_regret_m_s": 0.0,
    "std_nrmse": 3.095845227577638e-06,
    "std_recall": 5.695323946259567e-17
  },
  "protocol_id": "P017",
  "q": 8,
  "result_files": [
    "inner_fold_audit.csv",
    "shared_stage_audit.csv",
    "orthogonal_audit.csv",
    "channel_audit.csv",
    "selection_audit.csv",
    "fold_seed_metrics.csv",
    "per_seed_metrics.csv",
    "summary.csv",
    "paired_comparison.csv"
  ],
  "runtime": {
    "cpu_seconds": 5989.65625,
    "free_disk_gib": 33.59599304199219,
    "free_disk_preflight_gib": 33.7762336730957,
    "peak_working_set_gib": 0.6330833435058594,
    "wall_clock_seconds": 1821.1363955999987
  },
  "schema_version": "0.1.0",
  "second_stage_gain_grid": [
    0.05,
    0.1,
    0.15,
    0.2
  ],
  "selection_audit_rows": 100,
  "shared_first_stage_gain": 0.1,
  "shared_stage_audit_rows": 400,
  "source_commit": "cb42300ec26b239cf9fe8a284f6c957174e1a485",
  "stage_order": "shared q8 RBF-0.25 fixed at 0.10; common e2=e-r25_q8_OOF; nested second-stage gain",
  "status": "complete_valid_negative",
  "tie_rule": "smallest grid value"
}
