model_id,seed_count,mean_nrmse,std_nrmse,mean_mae,std_mae,mean_mean_regret_m_s,std_mean_regret_m_s,mean_infeasible_selection_rate,std_infeasible_selection_rate,mean_brier,std_brier,mean_auroc,std_auroc,mean_recall,std_recall
C06,20,0.006832811015144496,1.7797887332061147e-18,0.004007150054949517,0.0,16.806576945019742,0.0,0.06756410256410254,1.4238309865648918e-17,0.12247392928942265,0.0,0.8971983962581731,1.1390647892519134e-16,0.3990033607602272,5.695323946259567e-17
SSO-TWO-RBF-08,20,0.006746645296293936,1.7044713230230937e-06,0.0052696038325119165,2.7018330990918857e-06,16.806576945019742,0.0,0.06756410256410254,1.4238309865648918e-17,0.12247392928942265,0.0,0.8971983962581731,1.1390647892519134e-16,0.3990033607602272,5.695323946259567e-17
SSORFRK-08,20,0.006566433808976169,3.095845227577638e-06,0.005204880643426493,6.8546438731963784e-06,16.806576945019742,0.0,0.06756410256410254,1.4238309865648918e-17,0.12247392928942265,0.0,0.8971983962581731,1.1390647892519134e-16,0.3990033607602272,5.695323946259567e-17
