{
  "c06_summary": {
    "mean_auroc": 0.8971983962581731,
    "mean_brier": 0.12247392928942265,
    "mean_infeasible_selection_rate": 0.06756410256410254,
    "mean_mae": 0.004007150054949517,
    "mean_mean_regret_m_s": 16.806576945019742,
    "mean_nrmse": 0.006832811015144496,
    "mean_recall": 0.3990033607602272,
    "model_id": "C06",
    "seed_count": 20,
    "std_auroc": 1.1390647892519134e-16,
    "std_brier": 0.0,
    "std_infeasible_selection_rate": 1.4238309865648918e-17,
    "std_mae": 0.0,
    "std_mean_regret_m_s": 0.0,
    "std_nrmse": 1.7797887332061147e-18,
    "std_recall": 5.695323946259567e-17
  },
  "calibration_rows_read": 0,
  "claim_boundary": "development-only surrogate evidence; no NASA performance claim, mission claim, hardware claim, quantum advantage claim, calibration/final-test result, Gate 5 revision, or Gate 6 authorization",
  "decision_checks": {
    "beats_classical_tap_rbf_by_five_percent": false,
    "five_percent_nrmse_improvement": false,
    "infeasible_selection_not_worse": false,
    "paired_upper_bound_below_zero": false,
    "regret_not_worse": false
  },
  "decision_id": "D036",
  "development_audit": {
    "candidates_per_decision_set": 5,
    "columns_in_model_contract": 39,
    "decision_sets": 7800,
    "feasible_rate": 0.22125641025641027,
    "feasible_rows": 8629,
    "rows": 39000,
    "rows_by_fidelity": {
      "F0": 6000,
      "F1": 30000,
      "F2": 3000
    },
    "rows_by_group": {
      "G01": 3250,
      "G02": 3250,
      "G03": 3250,
      "G04": 3250,
      "G05": 3250,
      "G06": 3250,
      "G07": 3250,
      "G08": 3250,
      "G09": 3250,
      "G10": 3250,
      "G11": 3250,
      "G12": 3250
    },
    "split": "development",
    "status": "pass",
    "unique_scenarios": 39000
  },
  "development_rows_read": 39000,
  "final_test_rows_read": 0,
  "gate6_runs": 0,
  "hardware_jobs_submitted": 0,
  "paired_nrmse_interval": {
    "confidence_level": 0.95,
    "estimate": 0.0035487057766321025,
    "lower": 0.003546720774080026,
    "upper": 0.0035505802473408308
  },
  "primary_model": "TAPQK-08",
  "primary_summary": {
    "mean_auroc": 0.8971983962581731,
    "mean_brier": 0.12247392928942265,
    "mean_infeasible_selection_rate": 0.06769230769230769,
    "mean_mae": 0.01783323457418086,
    "mean_mean_regret_m_s": 16.809129764632942,
    "mean_nrmse": 0.010381516791776601,
    "mean_recall": 0.3990033607602272,
    "model_id": "TAPQK-08",
    "seed_count": 20,
    "std_auroc": 1.1390647892519134e-16,
    "std_brier": 0.0,
    "std_infeasible_selection_rate": 0.0,
    "std_mae": 1.2290767904825225e-05,
    "std_mean_regret_m_s": 3.645007325606123e-15,
    "std_nrmse": 4.576482383286302e-06,
    "std_recall": 5.695323946259567e-17
  },
  "projection_audit_rows": 300,
  "protocol_id": "P004",
  "result_files": [
    "inner_fold_audit.csv",
    "projection_audit.csv",
    "fold_seed_metrics.csv",
    "per_seed_metrics.csv",
    "summary.csv",
    "paired_comparison.csv"
  ],
  "runtime": {
    "cpu_seconds": 2369.90625,
    "free_disk_gib": 42.6740608215332,
    "peak_working_set_gib": 0.69775390625,
    "wall_clock_seconds": 1156.0743014999898
  },
  "schema_version": "0.1.0",
  "source_commit": "82312b0bb6e2cdb2a48bedea60fbe5374ae518df",
  "status": "complete_valid_negative",
  "tap_rbf_q8_summary": {
    "mean_auroc": 0.8971983962581731,
    "mean_brier": 0.12247392928942265,
    "mean_infeasible_selection_rate": 0.06769230769230769,
    "mean_mae": 0.017042759515352227,
    "mean_mean_regret_m_s": 16.809125587979743,
    "mean_nrmse": 0.009870416170012499,
    "mean_recall": 0.3990033607602272,
    "model_id": "TAP-RBF-q8",
    "seed_count": 20,
    "std_auroc": 1.1390647892519134e-16,
    "std_brier": 0.0,
    "std_infeasible_selection_rate": 0.0,
    "std_mae": 6.34629920979532e-06,
    "std_mean_regret_m_s": 0.0,
    "std_nrmse": 1.907499887164896e-06,
    "std_recall": 5.695323946259567e-17
  }
}
