comparison,seed_count,mean_difference,lower_95,upper_95
TAPQK-08_minus_C06_nrmse,20,0.0035487057766321025,0.003546720774080026,0.0035505802473408308
