{
  "c06_summary": {
    "mean_auroc": 0.8971983962581731,
    "mean_brier": 0.12247392928942265,
    "mean_infeasible_selection_rate": 0.06756410256410254,
    "mean_mae": 0.004007150054949517,
    "mean_mean_regret_m_s": 16.806576945019742,
    "mean_nrmse": 0.006832811015144496,
    "mean_recall": 0.3990033607602272,
    "model_id": "C06",
    "seed_count": 20,
    "std_auroc": 1.1390647892519134e-16,
    "std_brier": 0.0,
    "std_infeasible_selection_rate": 1.4238309865648918e-17,
    "std_mae": 0.0,
    "std_mean_regret_m_s": 0.0,
    "std_nrmse": 1.7797887332061147e-18,
    "std_recall": 5.695323946259567e-17
  },
  "calibration_rows_read": 0,
  "channel_audit_rows": 300,
  "claim_boundary": "development-only surrogate evidence; no NASA performance claim, mission claim, hardware claim, quantum advantage claim, calibration/final-test result, Gate 5 revision, or Gate 6 authorization",
  "classical_adaptive_rbf_summary": {
    "mean_auroc": 0.8971983962581731,
    "mean_brier": 0.12247392928942265,
    "mean_infeasible_selection_rate": 0.06756410256410254,
    "mean_mae": 0.005060785811359765,
    "mean_mean_regret_m_s": 16.806576945019742,
    "mean_nrmse": 0.006738683167085471,
    "mean_recall": 0.3990033607602272,
    "model_id": "TWO-RBF-08-ADAPT",
    "seed_count": 20,
    "std_auroc": 1.1390647892519134e-16,
    "std_brier": 0.0,
    "std_infeasible_selection_rate": 1.4238309865648918e-17,
    "std_mae": 2.493616011487859e-06,
    "std_mean_regret_m_s": 0.0,
    "std_nrmse": 2.2165210586651824e-06,
    "std_recall": 5.695323946259567e-17
  },
  "decision_checks": {
    "beats_classical_adaptive_rbf_by_five_percent": false,
    "five_percent_nrmse_improvement": false,
    "infeasible_selection_not_worse": true,
    "paired_upper_bound_below_zero": true,
    "regret_not_worse": true
  },
  "decision_id": "D042",
  "development_audit": {
    "candidates_per_decision_set": 5,
    "columns_in_model_contract": 39,
    "decision_sets": 7800,
    "feasible_rate": 0.22125641025641027,
    "feasible_rows": 8629,
    "rows": 39000,
    "rows_by_fidelity": {
      "F0": 6000,
      "F1": 30000,
      "F2": 3000
    },
    "rows_by_group": {
      "G01": 3250,
      "G02": 3250,
      "G03": 3250,
      "G04": 3250,
      "G05": 3250,
      "G06": 3250,
      "G07": 3250,
      "G08": 3250,
      "G09": 3250,
      "G10": 3250,
      "G11": 3250,
      "G12": 3250
    },
    "split": "development",
    "status": "pass",
    "unique_scenarios": 39000
  },
  "development_rows_read": 39000,
  "final_test_rows_read": 0,
  "gate6_runs": 0,
  "gate_audit_rows": 100,
  "gate_formula": "0.25 + 0.50 * (1 - p_C06)",
  "hardware_jobs_submitted": 0,
  "inner_audit_rows": 400,
  "paired_nrmse_interval": {
    "confidence_level": 0.95,
    "estimate": -0.0003089770152815788,
    "lower": -0.0003104035556631091,
    "upper": -0.000307594221674844
  },
  "primary_model": "AGEFRK-08-ADAPT",
  "primary_summary": {
    "mean_auroc": 0.8971983962581731,
    "mean_brier": 0.12247392928942265,
    "mean_infeasible_selection_rate": 0.06756410256410254,
    "mean_mae": 0.004907265338475307,
    "mean_mean_regret_m_s": 16.806576945019742,
    "mean_nrmse": 0.006523833999862919,
    "mean_recall": 0.3990033607602272,
    "model_id": "AGEFRK-08-ADAPT",
    "seed_count": 20,
    "std_auroc": 1.1390647892519134e-16,
    "std_brier": 0.0,
    "std_infeasible_selection_rate": 1.4238309865648918e-17,
    "std_mae": 6.772420806085011e-06,
    "std_mean_regret_m_s": 0.0,
    "std_nrmse": 3.2585299026802065e-06,
    "std_recall": 5.695323946259567e-17
  },
  "projection_audit_rows": 300,
  "protocol_id": "P010",
  "q_values": [
    4,
    6,
    8
  ],
  "rbf_gamma_multipliers": [
    0.25,
    0.5
  ],
  "result_files": [
    "inner_fold_audit.csv",
    "projection_audit.csv",
    "channel_audit.csv",
    "gate_audit.csv",
    "fold_seed_metrics.csv",
    "per_seed_metrics.csv",
    "summary.csv",
    "paired_comparison.csv"
  ],
  "runtime": {
    "cpu_seconds": 2556.71875,
    "free_disk_gib": 18.552448272705078,
    "free_disk_preflight_gib": 18.271862030029297,
    "peak_working_set_gib": 0.6819915771484375,
    "wall_clock_seconds": 1117.9536482999683
  },
  "schema_version": "0.1.0",
  "source_commit": "474e742818188686ff96455183690009a20e23ba",
  "status": "complete_valid_negative"
}
