comparison,seed_count,mean_difference,lower_95,upper_95
AGEFRK-08-ADAPT_minus_C06_nrmse,20,-0.0003089770152815788,-0.0003104035556631091,-0.000307594221674844
