comparison,seed_count,mean_difference,lower_95,upper_95
HEFRK-08-E050_minus_C06_nrmse,20,-0.00024083772717721909,-0.00024178253510235613,-0.0002398754210052102
