{
  "a02_stack_q8_summary": {
    "mean_auroc": 0.8971983962581731,
    "mean_brier": 0.12247392928942265,
    "mean_infeasible_selection_rate": 0.06769230769230769,
    "mean_mae": 0.017001079680412815,
    "mean_mean_regret_m_s": 16.809125587979743,
    "mean_nrmse": 0.009849262840814678,
    "mean_recall": 0.3990033607602272,
    "model_id": "A02-STACK-q8",
    "seed_count": 20,
    "std_auroc": 1.1390647892519134e-16,
    "std_brier": 0.0,
    "std_infeasible_selection_rate": 0.0,
    "std_mae": 6.671459324415189e-06,
    "std_mean_regret_m_s": 0.0,
    "std_nrmse": 2.3540845323450726e-06,
    "std_recall": 5.695323946259567e-17
  },
  "c06_summary": {
    "mean_auroc": 0.8971983962581731,
    "mean_brier": 0.12247392928942265,
    "mean_infeasible_selection_rate": 0.06756410256410254,
    "mean_mae": 0.004007150054949517,
    "mean_mean_regret_m_s": 16.806576945019742,
    "mean_nrmse": 0.006832811015144496,
    "mean_recall": 0.3990033607602272,
    "model_id": "C06",
    "seed_count": 20,
    "std_auroc": 1.1390647892519134e-16,
    "std_brier": 0.0,
    "std_infeasible_selection_rate": 1.4238309865648918e-17,
    "std_mae": 0.0,
    "std_mean_regret_m_s": 0.0,
    "std_nrmse": 1.7797887332061147e-18,
    "std_recall": 5.695323946259567e-17
  },
  "calibration_rows_read": 0,
  "claim_boundary": "development-only surrogate evidence; no NASA performance claim, mission claim, hardware claim, quantum advantage claim, calibration/final-test result, Gate 5 revision, or Gate 6 authorization",
  "decision_checks": {
    "beats_classical_stack_by_five_percent": false,
    "five_percent_nrmse_improvement": false,
    "infeasible_selection_not_worse": true,
    "paired_upper_bound_below_zero": false,
    "regret_not_worse": true
  },
  "decision_id": "D035",
  "development_audit": {
    "candidates_per_decision_set": 5,
    "columns_in_model_contract": 39,
    "decision_sets": 7800,
    "feasible_rate": 0.22125641025641027,
    "feasible_rows": 8629,
    "rows": 39000,
    "rows_by_fidelity": {
      "F0": 6000,
      "F1": 30000,
      "F2": 3000
    },
    "rows_by_group": {
      "G01": 3250,
      "G02": 3250,
      "G03": 3250,
      "G04": 3250,
      "G05": 3250,
      "G06": 3250,
      "G07": 3250,
      "G08": 3250,
      "G09": 3250,
      "G10": 3250,
      "G11": 3250,
      "G12": 3250
    },
    "split": "development",
    "status": "pass",
    "unique_scenarios": 39000
  },
  "development_rows_read": 39000,
  "final_test_rows_read": 0,
  "gate6_runs": 0,
  "hardware_jobs_submitted": 0,
  "paired_nrmse_interval": {
    "confidence_level": 0.95,
    "estimate": 0.006630061269610877,
    "lower": 0.0066274888429592345,
    "upper": 0.006632445233484107
  },
  "primary_model": "CFQSR-08-N",
  "primary_summary": {
    "mean_auroc": 0.8971983962581731,
    "mean_brier": 0.12247392928942265,
    "mean_infeasible_selection_rate": 0.06756410256410254,
    "mean_mae": 0.023859323001360695,
    "mean_mean_regret_m_s": 16.806576945019742,
    "mean_nrmse": 0.013462872284755376,
    "mean_recall": 0.3990033607602272,
    "model_id": "CFQSR-08-N",
    "seed_count": 20,
    "std_auroc": 1.1390647892519134e-16,
    "std_brier": 0.0,
    "std_infeasible_selection_rate": 1.4238309865648918e-17,
    "std_mae": 1.605891196628442e-05,
    "std_mean_regret_m_s": 0.0,
    "std_nrmse": 5.852473358909044e-06,
    "std_recall": 5.695323946259567e-17
  },
  "protocol_id": "P003",
  "result_files": [
    "inner_fold_audit.csv",
    "fold_seed_metrics.csv",
    "per_seed_metrics.csv",
    "summary.csv",
    "paired_comparison.csv"
  ],
  "runtime": {
    "cpu_seconds": 2482.421875,
    "free_disk_gib": 42.65625,
    "peak_working_set_gib": 0.6937599182128906,
    "wall_clock_seconds": 1342.993003300042
  },
  "schema_version": "0.1.0",
  "source_commit": "a16938dc36e2517f1ad0dead80dc60344f4b30b2",
  "status": "complete_valid_negative"
}
