comparison,seed_count,mean_difference,lower_95,upper_95
CFQSR-08-N_minus_C06_nrmse,20,0.006630061269610877,0.0066274888429592345,0.006632445233484107
