{
  "c06_summary": {
    "mean_auroc": 0.8971983962581731,
    "mean_brier": 0.12247392928942265,
    "mean_infeasible_selection_rate": 0.06756410256410254,
    "mean_mae": 0.004007150054949517,
    "mean_mean_regret_m_s": 16.806576945019742,
    "mean_nrmse": 0.006832811015144496,
    "mean_recall": 0.3990033607602272,
    "model_id": "C06",
    "seed_count": 20,
    "std_auroc": 1.1390647892519134e-16,
    "std_brier": 0.0,
    "std_infeasible_selection_rate": 1.4238309865648918e-17,
    "std_mae": 0.0,
    "std_mean_regret_m_s": 0.0,
    "std_nrmse": 1.7797887332061147e-18,
    "std_recall": 5.695323946259567e-17
  },
  "calibration_rows_read": 0,
  "channel_audit_rows": 300,
  "claim_boundary": "development-only surrogate evidence; no NASA performance claim, mission claim, hardware claim, quantum advantage claim, calibration/final-test result, Gate 5 revision, or Gate 6 authorization",
  "classical_nonlinear_summary": {
    "mean_auroc": 0.8971983962581731,
    "mean_brier": 0.12247392928942265,
    "mean_infeasible_selection_rate": 0.06756410256410254,
    "mean_mae": 0.004766202449876025,
    "mean_mean_regret_m_s": 16.806576945019742,
    "mean_nrmse": 0.006765864215019115,
    "mean_recall": 0.3990033607602272,
    "model_id": "TWO-RBF-08-NL",
    "seed_count": 20,
    "std_auroc": 1.1390647892519134e-16,
    "std_brier": 0.0,
    "std_infeasible_selection_rate": 1.4238309865648918e-17,
    "std_mae": 3.548867963936417e-06,
    "std_mean_regret_m_s": 0.0,
    "std_nrmse": 1.1998917525085966e-06,
    "std_recall": 5.695323946259567e-17
  },
  "decision_checks": {
    "beats_classical_nonlinear_stack_by_five_percent": false,
    "five_percent_nrmse_improvement": false,
    "infeasible_selection_not_worse": true,
    "paired_upper_bound_below_zero": true,
    "regret_not_worse": true
  },
  "decision_id": "D044",
  "development_audit": {
    "candidates_per_decision_set": 5,
    "columns_in_model_contract": 39,
    "decision_sets": 7800,
    "feasible_rate": 0.22125641025641027,
    "feasible_rows": 8629,
    "rows": 39000,
    "rows_by_fidelity": {
      "F0": 6000,
      "F1": 30000,
      "F2": 3000
    },
    "rows_by_group": {
      "G01": 3250,
      "G02": 3250,
      "G03": 3250,
      "G04": 3250,
      "G05": 3250,
      "G06": 3250,
      "G07": 3250,
      "G08": 3250,
      "G09": 3250,
      "G10": 3250,
      "G11": 3250,
      "G12": 3250
    },
    "split": "development",
    "status": "pass",
    "unique_scenarios": 39000
  },
  "development_rows_read": 39000,
  "final_test_rows_read": 0,
  "gate6_runs": 0,
  "hardware_jobs_submitted": 0,
  "inner_audit_rows": 400,
  "interaction_audit_rows": 1500,
  "interaction_feature_map": "[1,u,v,u*v,u^2,v^2]",
  "interaction_ridge": 0.001,
  "paired_nrmse_interval": {
    "confidence_level": 0.95,
    "estimate": -8.141603159324269e-05,
    "lower": -8.39952264888471e-05,
    "upper": -7.868112323116991e-05
  },
  "primary_model": "NIFRK-08-NL",
  "primary_summary": {
    "mean_auroc": 0.8971983962581731,
    "mean_brier": 0.12247392928942265,
    "mean_infeasible_selection_rate": 0.06756410256410254,
    "mean_mae": 0.004815662743067583,
    "mean_mean_regret_m_s": 16.806576945019742,
    "mean_nrmse": 0.0067513949835512534,
    "mean_recall": 0.3990033607602272,
    "model_id": "NIFRK-08-NL",
    "seed_count": 20,
    "std_auroc": 1.1390647892519134e-16,
    "std_brier": 0.0,
    "std_infeasible_selection_rate": 1.4238309865648918e-17,
    "std_mae": 1.1376395114383017e-05,
    "std_mean_regret_m_s": 0.0,
    "std_nrmse": 6.386963223291142e-06,
    "std_recall": 5.695323946259567e-17
  },
  "protocol_id": "P012",
  "q_values": [
    4,
    6,
    8
  ],
  "result_files": [
    "inner_fold_audit.csv",
    "interaction_audit.csv",
    "channel_audit.csv",
    "fold_seed_metrics.csv",
    "per_seed_metrics.csv",
    "summary.csv",
    "paired_comparison.csv"
  ],
  "runtime": {
    "cpu_seconds": 9922.546875,
    "free_disk_gib": 33.79570007324219,
    "free_disk_preflight_gib": 33.800048828125,
    "peak_working_set_gib": 0.6934700012207031,
    "wall_clock_seconds": 1965.2658004000004
  },
  "schema_version": "0.1.0",
  "source_commit": "ed9da4505228ef0be0c2f3cb56e9141ec12f9758",
  "status": "complete_valid_negative"
}
