comparison,seed_count,mean_difference,lower_95,upper_95
NIFRK-08-NL_minus_C06_nrmse,20,-8.141603159324269e-05,-8.39952264888471e-05,-7.868112323116991e-05
