comparison,seed_count,mean_difference,lower_95,upper_95
TSQR-08-L025_minus_C06_nrmse,20,1.4967153495549493e-05,1.4657307004876828e-05,1.5270088406951452e-05
