{
  "c06_summary": {
    "mean_auroc": 0.8971983962581731,
    "mean_brier": 0.12247392928942265,
    "mean_infeasible_selection_rate": 0.06756410256410254,
    "mean_mae": 0.004007150054949517,
    "mean_mean_regret_m_s": 16.806576945019742,
    "mean_nrmse": 0.006832811015144496,
    "mean_recall": 0.3990033607602272,
    "model_id": "C06",
    "seed_count": 20,
    "std_auroc": 1.1390647892519134e-16,
    "std_brier": 0.0,
    "std_infeasible_selection_rate": 1.4238309865648918e-17,
    "std_mae": 0.0,
    "std_mean_regret_m_s": 0.0,
    "std_nrmse": 1.7797887332061147e-18,
    "std_recall": 5.695323946259567e-17
  },
  "calibration_rows_read": 0,
  "channel_audit_rows": 300,
  "claim_boundary": "development-only surrogate evidence; no NASA performance claim, mission claim, hardware claim, quantum advantage claim, calibration/final-test result, Gate 5 revision, or Gate 6 authorization",
  "classical_multiscale_summary": {
    "mean_auroc": 0.8971983962581731,
    "mean_brier": 0.12247392928942265,
    "mean_infeasible_selection_rate": 0.06756410256410254,
    "mean_mae": 0.005267084137190793,
    "mean_mean_regret_m_s": 16.806576945019742,
    "mean_nrmse": 0.00686950868504124,
    "mean_recall": 0.3990033607602272,
    "model_id": "MS-TWO-RBF",
    "seed_count": 20,
    "std_auroc": 1.1390647892519134e-16,
    "std_brier": 0.0,
    "std_infeasible_selection_rate": 1.4238309865648918e-17,
    "std_mae": 6.613783565895494e-06,
    "std_mean_regret_m_s": 0.0,
    "std_nrmse": 2.49927401892859e-06,
    "std_recall": 5.695323946259567e-17
  },
  "decision_checks": {
    "beats_classical_multiscale_stack_by_five_percent": false,
    "five_percent_nrmse_improvement": false,
    "infeasible_selection_not_worse": true,
    "paired_upper_bound_below_zero": true,
    "regret_not_worse": true
  },
  "decision_id": "D045",
  "development_audit": {
    "candidates_per_decision_set": 5,
    "columns_in_model_contract": 39,
    "decision_sets": 7800,
    "feasible_rate": 0.22125641025641027,
    "feasible_rows": 8629,
    "rows": 39000,
    "rows_by_fidelity": {
      "F0": 6000,
      "F1": 30000,
      "F2": 3000
    },
    "rows_by_group": {
      "G01": 3250,
      "G02": 3250,
      "G03": 3250,
      "G04": 3250,
      "G05": 3250,
      "G06": 3250,
      "G07": 3250,
      "G08": 3250,
      "G09": 3250,
      "G10": 3250,
      "G11": 3250,
      "G12": 3250
    },
    "split": "development",
    "status": "pass",
    "unique_scenarios": 39000
  },
  "development_rows_read": 39000,
  "feature_order": "[1,F4,F6,F8,R25_4,R25_6,R25_8] versus [1,R25_4,R25_6,R25_8,R50_4,R50_6,R50_8]",
  "final_test_rows_read": 0,
  "gate6_runs": 0,
  "hardware_jobs_submitted": 0,
  "inner_audit_rows": 400,
  "multiscale_audit_rows": 1300,
  "paired_nrmse_interval": {
    "confidence_level": 0.95,
    "estimate": -0.00010176587955553714,
    "lower": -0.00010331329882243829,
    "upper": -0.00010033158197101153
  },
  "primary_model": "MSFRK-ALL",
  "primary_summary": {
    "mean_auroc": 0.8971983962581731,
    "mean_brier": 0.12247392928942265,
    "mean_infeasible_selection_rate": 0.06756410256410254,
    "mean_mae": 0.004712516697658849,
    "mean_mean_regret_m_s": 16.806576945019742,
    "mean_nrmse": 0.006731045135588962,
    "mean_recall": 0.3990033607602272,
    "model_id": "MSFRK-ALL",
    "seed_count": 20,
    "std_auroc": 1.1390647892519134e-16,
    "std_brier": 0.0,
    "std_infeasible_selection_rate": 1.4238309865648918e-17,
    "std_mae": 9.621922590895588e-06,
    "std_mean_regret_m_s": 0.0,
    "std_nrmse": 3.5329572407723507e-06,
    "std_recall": 5.695323946259567e-17
  },
  "protocol_id": "P013",
  "q_values": [
    4,
    6,
    8
  ],
  "result_files": [
    "inner_fold_audit.csv",
    "multiscale_audit.csv",
    "channel_audit.csv",
    "fold_seed_metrics.csv",
    "per_seed_metrics.csv",
    "summary.csv",
    "paired_comparison.csv"
  ],
  "runtime": {
    "cpu_seconds": 9441.875,
    "free_disk_gib": 33.792457580566406,
    "free_disk_preflight_gib": 33.79220199584961,
    "peak_working_set_gib": 0.6333465576171875,
    "wall_clock_seconds": 1496.0645426000046
  },
  "schema_version": "0.1.0",
  "source_commit": "46e67dc980ac9b1c6f6429cb913506a63df9f05c",
  "stack_ridge": 0.001,
  "status": "complete_valid_negative"
}
