comparison,seed_count,mean_difference,lower_95,upper_95
MSFRK-ALL_minus_C06_nrmse,20,-0.00010176587955553714,-0.00010331329882243829,-0.00010033158197101153
