model_id,seed_count,mean_nrmse,std_nrmse,mean_mae,std_mae,mean_mean_regret_m_s,std_mean_regret_m_s,mean_infeasible_selection_rate,std_infeasible_selection_rate,mean_brier,std_brier,mean_auroc,std_auroc,mean_recall,std_recall
C06,20,0.006832811015144496,1.7797887332061147e-18,0.004007150054949517,0.0,16.806576945019742,0.0,0.06756410256410254,1.4238309865648918e-17,0.12247392928942265,0.0,0.8971983962581731,1.1390647892519134e-16,0.3990033607602272,5.695323946259567e-17
MS-TWO-RBF,20,0.00686950868504124,2.49927401892859e-06,0.005267084137190793,6.613783565895494e-06,16.806576945019742,0.0,0.06756410256410254,1.4238309865648918e-17,0.12247392928942265,0.0,0.8971983962581731,1.1390647892519134e-16,0.3990033607602272,5.695323946259567e-17
MSFRK-ALL,20,0.006731045135588962,3.5329572407723507e-06,0.004712516697658849,9.621922590895588e-06,16.806576945019742,0.0,0.06756410256410254,1.4238309865648918e-17,0.12247392928942265,0.0,0.8971983962581731,1.1390647892519134e-16,0.3990033607602272,5.695323946259567e-17
